<?xml version="1.0" encoding="UTF-8"?>
<project-private xmlns="http://www.netbeans.org/ns/project-private/1">
    <editor-bookmarks xmlns="http://www.netbeans.org/ns/editor-bookmarks/2" lastBookmarkId="0"/>
    <open-files xmlns="http://www.netbeans.org/ns/projectui-open-files/2">
        <group>
            <file>file:/D:/kunyek/KunyekRestaurant/web/index.html</file>
            <file>file:/D:/kunyek/KunyekRestaurant/src/java/com/controller/PaymentServlet.java</file>
            <file>file:/D:/kunyek/KunyekRestaurant/src/java/com/example/Payment.java</file>
            <file>file:/D:/kunyek/KunyekRestaurant/web/menu.jsp</file>
            <file>file:/D:/kunyek/KunyekRestaurant/web/UpdateMenu.jsp</file>
            <file>file:/D:/kunyek/KunyekRestaurant/web/DeliveryListUser.jsp</file>
            <file>file:/D:/kunyek/KunyekRestaurant/web/payment-success.jsp</file>
            <file>file:/D:/kunyek/KunyekRestaurant/src/java/com/controller/CreateOrderServlet.java</file>
            <file>file:/D:/kunyek/KunyekRestaurant/src/java/com/example/savePayment.java</file>
            <file>file:/D:/kunyek/KunyekRestaurant/web/META-INF/context.xml</file>
            <file>file:/D:/kunyek/KunyekRestaurant/web/confirmation.jsp</file>
            <file>file:/D:/kunyek/KunyekRestaurant/web/contact.jsp</file>
            <file>file:/D:/kunyek/KunyekRestaurant/web/background.jpg</file>
            <file>file:/D:/kunyek/KunyekRestaurant/web/orderTrackMinor.css</file>
            <file>file:/D:/kunyek/KunyekRestaurant/src/java/com/example/Rider.java</file>
            <file>file:/D:/kunyek/KunyekRestaurant/web/updateProfileProcess.jsp</file>
            <file>file:/D:/kunyek/KunyekRestaurant/web/DeliveryListRider.jsp</file>
            <file>file:/D:/kunyek/KunyekRestaurant/src/java/com/controller/submitPaymentServlet.java</file>
            <file>file:/D:/kunyek/KunyekRestaurant/web/editProfile.jsp</file>
            <file>file:/D:/kunyek/KunyekRestaurant/src/java/com/controller/EditOrderServlet.java</file>
            <file>file:/D:/kunyek/KunyekRestaurant/orderTrack.js</file>
            <file>file:/D:/kunyek/KunyekRestaurant/web/error.jsp</file>
            <file>file:/D:/kunyek/KunyekRestaurant/src/java/com/controller/DeleteOrderServlet.java</file>
            <file>file:/D:/kunyek/KunyekRestaurant/web/payment-form.jsp</file>
            <file>file:/D:/kunyek/KunyekRestaurant/orderTrack.css</file>
            <file>file:/D:/kunyek/KunyekRestaurant/src/java/com/model/Orders.java</file>
            <file>file:/D:/kunyek/KunyekRestaurant/web/DeliveryListVendor.jsp</file>
            <file>file:/D:/kunyek/KunyekRestaurant/web/CreateMenuForm.jsp</file>
            <file>file:/D:/kunyek/KunyekRestaurant/web/loginStaff.jsp</file>
            <file>file:/D:/kunyek/KunyekRestaurant/src/java/com/controller/UpdateMenuServlet.java</file>
            <file>file:/D:/kunyek/KunyekRestaurant/orderTrackMinor.css</file>
            <file>file:/D:/kunyek/KunyekRestaurant/src/java/com/controller/UpdateProfileServlet.java</file>
            <file>file:/D:/kunyek/KunyekRestaurant/web/createOrder.jsp</file>
            <file>file:/D:/kunyek/KunyekRestaurant/web/uploadDelivery.jsp</file>
            <file>file:/D:/kunyek/KunyekRestaurant/web/profile.jsp</file>
            <file>file:/D:/kunyek/KunyekRestaurant/src/java/com/model/User.java</file>
            <file>file:/D:/kunyek/KunyekRestaurant/web/menuList.jsp</file>
            <file>file:/D:/kunyek/KunyekRestaurant/web/logoutStaff.jsp</file>
            <file>file:/D:/kunyek/KunyekRestaurant/web/WEB-INF/web.xml</file>
            <file>file:/D:/kunyek/KunyekRestaurant/web/customerDashboard.jsp</file>
            <file>file:/D:/kunyek/KunyekRestaurant/web/about.jsp</file>
            <file>file:/D:/kunyek/KunyekRestaurant/nbproject/customs.json</file>
            <file>file:/D:/kunyek/KunyekRestaurant/web/orderTrack.css</file>
            <file>file:/D:/kunyek/KunyekRestaurant/src/java/com/dao/DatabaseConnection.java</file>
            <file>file:/D:/kunyek/KunyekRestaurant/src/java/com/controller/CreateMenuServlet.java</file>
            <file>file:/D:/kunyek/KunyekRestaurant/web/receipt.jsp</file>
            <file>file:/D:/kunyek/KunyekRestaurant/src/java/com/util/DBConnection.java</file>
            <file>file:/D:/kunyek/KunyekRestaurant/src/java/com/controller/ChangeOrderStatusServlet.java</file>
            <file>file:/D:/kunyek/KunyekRestaurant/src/java/com/controller/RiderServlet.java</file>
            <file>file:/D:/kunyek/KunyekRestaurant/web/verifyCode.jsp</file>
            <file>file:/D:/kunyek/KunyekRestaurant/web/logout.jsp</file>
            <file>file:/D:/kunyek/KunyekRestaurant/web/bg.png</file>
            <file>file:/D:/kunyek/KunyekRestaurant/web/managerDashboard.jsp</file>
            <file>file:/D:/kunyek/KunyekRestaurant/src/java/com/controller/DeleteMenuServlet.java</file>
            <file>file:/D:/kunyek/KunyekRestaurant/web/loginProcess.jsp</file>
            <file>file:/D:/kunyek/KunyekRestaurant/web/orderDetails.jsp</file>
            <file>file:/D:/kunyek/KunyekRestaurant/web/orderTrack.js</file>
            <file>file:/D:/kunyek/KunyekRestaurant/web/UpdateMenuForm.jsp</file>
            <file>file:/D:/kunyek/KunyekRestaurant/web/register.jsp</file>
            <file>file:/D:/kunyek/KunyekRestaurant/src/java/com/controller/LoginServlet.java</file>
            <file>file:/D:/kunyek/KunyekRestaurant/web/loginValidation.jsp</file>
            <file>file:/D:/kunyek/KunyekRestaurant/src/java/com/controller/RegisterServlet.java</file>
            <file>file:/D:/kunyek/KunyekRestaurant/web/add-rider.jsp</file>
            <file>file:/D:/kunyek/KunyekRestaurant/web/login.jsp</file>
            <file>file:/D:/kunyek/KunyekRestaurant/web/editOrder.jsp</file>
        </group>
    </open-files>
</project-private>
